僕,1,ぼく,ボク
俺,2,おれ,オレ
私,3,わたし,ワタシ,あたし,アタシ
あなた,4,アナタ
お前,5,おまえ,オマエ,てめー,テメー
わい,6,ワイ
ミスターマリック,7,くりまたすみ,クリマタスミ
堂本光一,8,光一
竹野内豊,9
さとう珠緒,10
中嶋ミチヨ,11
村上知子,12
小堺一機,13
ダンカン,14
柳葉敏郎,15
吉田栄作,16
長井秀和,17
竹内力,18
宮崎駿,19
小池徹平,20
亀田大毅,21
高橋由美子,22
小泉純一郎,23
田村亮,24,ロンブー亮
岡本真夜,25
山口達也,26,山口メンバー
内海光司,27
深津絵里,28
イモトアヤコ,29
平山あや,30
中山優馬,31
田中真紀子,32
石田純一,33
ルー大柴,34
玉木宏,35
石原良純,36
ダンディ坂野,37
坂本龍一,38
平井堅,39
ピーコ,40
おすぎ,41
ビートたけし,42,北野武
笑福亭鶴光,43,鶴光
松任谷由実,44,ユーミン
ウド鈴木,45,ウド
宇多田ヒカル,46
上島竜兵,47,竜ちゃん
矢口真里,48
竜雷太,49
高田純次,50
中田英寿,51
葉加瀬太郎,52
久保純子,53
江守徹,54
櫻井翔,55
所ジョージ,56
ヒトミ,57,ひとみ,歌手のひとみ
小柳ゆき,58
雛形あきこ,59
新庄剛志,60,新庄
佐藤琢磨,61
乙葉,62
ハイド,63,はいど,ラルクのボーカル
石川さゆり,64
鈴木宗男,65
香取慎吾,66,しんごちゃん,慎吾ママ,しんごまま,しんごはは,ほげー
中村雅俊,67
デーブ大久保,68
劇団ひとり,69,川島省吾
浅尾美和,70
有田哲平,71
吉岡美穂,72
小泉今日子,73
しずちゃん,74
長州小力,75
デヴィ夫人,76
福山雅治,77
市原隼人,78
向井理,79
加護亜依,80
佐々木希,81
ラモス瑠偉,82,ラモス
安西ひろこ,83
知念里奈,84
鈴木亜美,85
市川由衣,86
鳩山由紀夫,87,ぽっぽ
山本モナ,88
榮倉奈々,89
森本レオ,90
南こうせつ,91
出川哲朗,92,出川
南原清隆,93,ナンチャン
酒井法子,94,のりピー
もう中学生,95,もうちゅう
浅田美代子,96
インリンオブジョイトイ,97,インリン
中村俊介,98
オダギリジョー,99
ユキ,100,ゆき,ゆきちゃん,ジュディマリのゆき
ねづっち,101
藤岡弘,102
中島美嘉,103
長嶋茂雄,104,ミスター
アントニオ猪木,105,猪木
志村けん,106
森田剛,107
小出恵介,108
香里奈,109
浅香光代,110
都はるみ,111
亀梨和也,112
コージー冨田,113
有野晋哉,114
桑田佳祐,115
藤本美貴,116,ミキティー
グッチ裕三,117
徳永英明,118
佐藤隆太,119
菊川怜,120
飯島直子,121
峰竜太,122
魚住りえ,123
島崎和歌子,124
優木まおみ,125
ジーコ,126
ケントデリカット,127
川島海荷,128
山本リンダ,129
山田まりや,130
松山ケンイチ,131
ベッキー,132
チャンドンゴン,133
水木しげる,134
高木ブー,135
江川達也,136
木梨憲武,137,のりさん
松田聖子,138
つぶやきシロー,139
山田花子,140
魔裟斗,141,マサト,まさと
杉浦太陽,142
ソニン,143
梅宮辰夫,144
大沢たかお,145
土屋アンナ,146
篠田麻里子,147
林家こん平,148
やくみつる,149
勝俣州和,150,勝俣,かっちゃん
ユースケサンタマリア,151
小野真弓,152
コロッケ,153
今田耕司,154
五木ひろし,155
ほしのあき,156
武豊,157
北乃きい,158
鳥越マリ,159
高橋大輔,160
マギー司郎,161
鳥居みゆき,162
西野カナ,163
ビビアンスー,164
竹内まりや,165
竹中直人,166
平野レミ,167
岩城滉一,168
石井正則,169
ロナウジーニョ,170
佐藤健,171
大橋巨泉,172
馬場裕之,173
大沢逸美,174
天野ひろゆき,175
持田香織,176
綾瀬はるか,177
織田信成,178
野村沙知代,179
後藤久美子,180
青木さやか,181
神田うの,182
野沢直子,183
原ともえ,184
滝沢秀明,185
坂本冬美,186
千原ジュニア,187
舘ひろし,188
上原さくら,189
竹内結子,190
忌野清志郎,191
岡本綾子,192
大泉洋,193
佐藤哲夫,194
タカ,195,タカトシタカ
細木数子,196
松田弘,197
板東英二,198
三浦春馬,199
田嶋陽子,200
宮沢りえ,201
浜田ブリトニー,202
ジャッキー・チェン,203
ヒデ,204
松本明子,205
ボビー・オロゴン,206
だいご,207,ダイゴ,北川景子の旦那
沢尻エリカ,208
高橋みなみ,209
山下智久,210
和田アキ子,211,あっこさん
さだまさし,212
堂本剛,213
加山雄三,214
武田鉄矢,215
紺野まひる,216
吉澤ひとみ,217
西城秀樹,218
水嶋ヒロ,219
桜田淳子,220
工藤静香,221
兵藤ゆき,222
小林すすむ,223
坂上二郎,224
徳井義実,225,チュートリアル徳井
ゴルゴ松本,226,TIMゴルゴ
上地雄輔,227
マリア・シャラポワ,228,シャラポワ,シャラポア
小嶋陽菜,229,こじはる
ヒロ,230,安田大サーカスのヒロ
安田美沙子,231,みちゃこ
中田翔,232
森山直太朗,233
山本梓,234
鳥羽一郎,235
鶴田真由,236
田中直樹,237,ココリコ田中
原千晶,238
生稲晃子,239
田中裕子,240
常盤貴子,241
あつし,242,エグザイルのあつし
本上まなみ,243
ベッカム,244
上原美優,245
三宅裕司,246
菊池桃子,247
大黒将志,248
モト冬樹,249
デーブスペクター,250
中川翔子,251,しょこたん
高橋尚子,252,Qちゃん
押尾学,253
萩本欽一,254,きんちゃん
上田晋也,255
まちゃまちゃ,256
窪塚洋介,257,窪塚
紺野あさ美,258
曙太郎,259,曙,あけぼの
森光子,260
松田龍平,261
大橋のぞみ,262
志田未来,263
浜田雅功,264,浜ちゃん
まいける,265,マイケル,どんまいける
福田薫,266
加藤晴彦,267
井上和香,268
熊田曜子,269
エドはるみ,270
吉野紗香,271
美川憲一,272
藤原竜也,273
南明奈,274,アッキーナ
酒井彩名,275
大倉忠義,276
島田陽子,277
槙原敬之,278
中村七之助,279
神木隆之介,280
王貞治,281
河村隆一,282
光浦靖子,283
梨花,284
大竹まこと,285
田中麗奈,286
ウルフル・ケイスケ,287
小沢一郎,288
哀川翔,289
河相我聞,290
ケント・ギルバート,291
江川卓,292
上野樹里,293
つるの剛,294
伊東美咲,295
中曽根康弘,296
内藤剛志,297
若槻千夏,298
黒木メイサ,299
北野大,300
エハラマサヒロ,301
酒井敏也,302
君島十和子,303
フランキー為谷,304
有吉弘行,305
眞鍋かをり,306
玉置成実,307
平泉成,308
和田勉,309
唐沢寿明,310
長澤まさみ,311
半田健人,312
ガッツ石松,313
波田陽区,314
斎藤佑樹,315
岸部四郎,316
三村マサカズ,317
アントキの猪木,318
ジョニーデップ,319
薬師丸ひろ子,320
内田恭子,321
国仲涼子,322
いとうあさこ,323
松たか子,324
チェジウ,325
新垣結衣,326
松井秀喜,327
釈由美子,328
山田邦子,329
河合美智子,330
前田健,331
伊東四朗,332
ラッシャー板前,333
ほんこん,334,ホンコン
二宮和也,335,にの
辻希美,336
細川直美,337
かばちゃん,338,カバちゃん
中澤裕子,339
宮里藍,340
相武紗季,341
マリエ,342
松本伊代,343
阿部寛,344
加藤ローサ,345
加藤ミリヤ,346
南野陽子,347
八木亜希子,348
中村俊輔,349
松浦亜弥,350,あやや
ドクター中松,351
具志堅用高,352
優香,353
小阪由佳,354
藤原紀香,355
水野美紀,356
プリンセス天功,357
パパイヤ鈴木,358
中尾明慶,359
夏帆,360
明石家さんま,361
江頭2時50分,362,えがちゃん
西川きよし,363
小柳ルミ子,364
三宅健,365
トム・クルーズ,366
板野友美,367,ともちん
ガクト,368,がくと
赤西仁,369
あびる優,370
ワッキー,371
山田優,372
とよた真帆,373
研ナオコ,374
ミーシャ,375,みーしゃ
三谷幸喜,376
久本雅美,377
草なぎ剛,378,草彅剛
小泉孝太郎,379
前田敦子,380
木の実ナナ,381
藤井フミヤ,382
加藤成亮,383
中村玉緒,384
イビョンホン,385
亀田和毅,386
関口宏,387
中森明菜,388
佐藤弘道,389
桜庭和志,390
小池百合子,391
児嶋一哉,392
大竹しのぶ,393
トシ,394,タカトシのトシ
広末涼子,395
力也,396
藤木直人,397
間寛平,398
はなわ,399
羽賀研二,400
はるな愛,401
森公美子,402,モリクミ
内村光良,403,ウッチャン
長谷川京子,404,ハセキョー
松方弘樹,405
久保田利伸,406
水川あさみ,407
高島礼子,408
加藤夏希,409
秋元才加,410
星野真里,411
スガシカオ,412
矢井田瞳,413
根本はるみ,414
せんだみつお,415
石立鉄男,416
田村正和,417
友近,418
伊藤英明,419
バラクオバマ,420,オバマ,オバマ大統領
鈴木蘭々,421
柴咲コウ,422
ほっしゃん,423
さかなクン,424,さかなクンさん
奥菜恵,425
梶原雄太,426
ピーター,427
猫ひろし,428
黒柳徹子,429
安倍なつみ,430
速水もこみち,431,もこみち
孫正義,432,ハゲ
陣内孝則,433
東幹久,434
貴乃花,435
林家パー子,436
篠原涼子,437
桂歌丸,438,歌丸師匠
鈴木キュー太郎,439
サンプラザ中野,440
岡田将生,441
マドンナ,442
西田ひかる,443
ダルビッシュ有,444,ダルビッシュ
華原朋美,445
蒼井優,446
戸田恵梨香,447
清原和博,448
中居正広,449
けいこ,450,ケイコ,グローブのケイコ
風間トオル,451
ふかわりょう,452
アグネスチャン,453
梅宮アンナ,454
森山未來,455
稲川淳二,456
関根勤,457,関根さん
みのもんた,458
タモリ,459,森田一義,タモさん
なべやかん,460
北川景子,461
山咲トオル,462
スギちゃん,463
きたろう,464
中島知子,465
藤竜也,466
世界のナベアツ,467
仁藤優子,468
八代亜紀,469
ペヨンジュン,470
井上陽水,471
松本潤,472,まつじゅん
アニマル浜口,473
田代まさし,474,まーしー
野茂英雄,475
森下千里,476
平岡祐太,477
細川ふみえ,478
中田久美,479
田村裕,480
島谷ひとみ,481
ジェロ,482
中丸雄一,483
浜田幸一,484
草刈正雄,485
仲村トオル,486
キムヨナ,487
パンツェッタジローラモ,488
谷亮子,489,やわらちゃん
氷川きよし,490
長渕剛,491
紺野美沙子,492
松本人志,493,まっちゃん
酒井若菜,494
大塚愛,495
松田翔太,496
泉ピン子,497
岡本夏生,498
田中美奈子,499
鳩山邦夫,500,ぽっぽ
玉置浩二,501
松坂大輔,502
矢沢永吉,503,えいちゃん
パッパラー河合,504
安達祐実,505
成宮寛貴,506
上戸彩,507
高橋愛,508
アンジェラ・アキ,509
東国原英夫,510,そのまんま東
宮川大輔,511
なかやまきんに君,512
石川遼,513
うじきつよし,514
夏川純,515
福田沙紀,516
麻生太郎,517
小田和正,518
石川ひとみ,519
一青窈,520
安室奈美恵,521,安室ちゃん
安倍晋三,522,安倍首相
ボブ・サップ,523
北島康介,524
イジリー岡田,525
叶美香,526
国分太一,527
藤真希,528
桜塚やっくん,529
リア・ディゾン,530
アジャ コング,531
リサ･ステッグマイヤー,532
メグミ,533,めぐみ
時東ぁみ,534,時東あみ
浅田真央,535
天童よしみ,536
池谷幸雄,537
朝青龍明徳,538,朝青龍
渡辺美奈代,539
ビビル大木,540
ウォンビン,541
榎本加奈子,542
石原慎太郎,543
東山紀之,544
滝川クリステル,545
浜崎あゆみ,546
宮川大助,547
蛯原友里,548
北島三郎,549
上田竜也,550
黒木瞳,551
海老名香葉子,552
堀北真希,553
氷室京介,554
叶恭子,555
生田斗真,556
中山エミリ,557
ウエンツ瑛士,558
ドン小西,559
菅直人,560,かんちょくと
風見しんご,561
ドロンズ石本,562
金城武,563
ケインコスギ,564
ともさかりえ,565
松嶋菜々子,566
ミソノ,567,みその
益若つばさ,568
永作博美,569
堺雅人,570
ユンソナ,571
大山のぶ代,572,どらえもんの声
ミスターちん,573
武蔵,574,むさし
大島優子,575
郷ひろみ,576
ラサール石井,577
山口智子,578
五月みどり,579
蛭子能収,580
石橋貴明,581
イチロー,582
関根麻里,583
はしのえみ,584
磯山さやか,585
及川光博,586
木村カエラ,587
大仁田厚,588
ラッキィ池田,589,ラッキー池田
チャックウィルソン,590
マツコデラックス,591
小西真奈美,592
青山テルマ,593
ビルゲイツ,594
ジュリアロバーツ,595
倉木麻衣,596
スザンヌ,597
堀江貴文,598,ホリエモン
つんく,599,つんく
仲間由紀恵,600
チェホンマン,601
鬼束ちひろ,602
飯島愛,603
山本耕史,604
小倉優子,605
伊集院光,606
深田恭子,607
神取忍,608
錦戸亮,609
リリーフランキー,610
田中聖,611
ボア,612,ぼあ
松岡修造,613
長瀬智也,614
内山理名,615
坂口憲二,616
加瀬亮,617
えなりかずき,618
川島なお美,619
デーモン小暮,620
伊藤一朗,621
ダンプ松本,622
マギー審司,623
蒼井そら,624
田中れいな,625
寺島進,626
見栄晴,627
倖田來未,628
中野浩一,629
平井理央,630
オール巨人,631
内田有紀,632
小島よしお,633
城島茂,634
亀田興毅,635
渡辺満里奈,636
岡田准一,637
松崎しげる,638
猪瀬直樹,639
ヨシキ,640,よしき
小池栄子,641
池脇千鶴,642
アイコ,643,あいこ
小森純,644
田中邦衛,645
山本太郎,646
寺門ジモン,647,ジモンちゃん
椎名林檎,648
大野智,649
小室哲哉,650
杉田かおる,651
セインカミュ,652
松平健,653,マツケン
林家ペー,654
宮崎あおい,655
梨元勝,656
池谷直樹,657
八乙女光,658
長州力,659
大黒摩季,660
高岡早紀,661
ギャル曽根,662
木下優樹菜,663
観月ありさ,664
宍戸錠,665
林家たい平,666
市川海老蔵,667,海老蔵
古舘伊知郎,668
稲垣吾郎,669
レイザーラモンエイチジー,670
綾小路きみまろ,671
岡本綾,672
桂文珍,673
井手らっきょ,674
林家いっ平,675
加藤あい,676
貫地谷しほり,677
織田裕二,678
妻夫木聡,679
勝間和代,680
中野美奈子,681
細川俊之,682
松山千春,683
ガダルカナルタカ,684
辺見えみり,685
有森裕子,686
西村知美,687
ブラッドピット,688
江角マキコ,689
小雪,690
安藤美姫,691
絢香,692
反町隆史,693
藤崎奈々子,694
桜井幸子,695
片岡鶴太郎,696
吉川ひなの,697
国生さゆり,698
安めぐみ,699
天皇陛下,700
笑福亭鶴瓶,701
山崎まさよし,702
矢田亜希子,703
トミーズ雅,704
相葉雅紀,705
石原さとみ,706
岡島秀樹,707
小栗旬,708
城田優,709
テリー伊藤,710
渡哲也,711
浜田省吾,712
押切もえ,713
タイガーウッズ,714
小錦,715,こにしき
